{"cameraMode":{"drawMode":0,"name":"Shaded","section":"Shading Mode"},"sceneLighting":true,"audioPlay":false,"sceneViewState":{"m_AlwaysRefresh":false,"showFog":true,"showSkybox":true,"showFlares":true,"showImageEffects":true,"showParticleSystems":true,"showVisualEffectGraphs":true,"m_FxEnabled":true},"in2DMode":false,"pivot":{"x":10.634794235229493,"y":1.9174184799194337,"z":-11.897684097290039},"rotation":{"x":-0.16577394306659699,"y":-0.6286162734031677,"z":0.13951581716537476,"w":-0.7469381093978882},"size":16.322641372680665,"orthographic":false}